Country,Happiness_Rank,Year,Happiness_Score,Type,Value
Finland,1,2021,7.842,GDP per capita,1.446
Denmark,2,2021,7.62,GDP per capita,1.502
Switzerland,3,2021,7.571,GDP per capita,1.566
Iceland,4,2021,7.554,GDP per capita,1.482
Netherlands,5,2021,7.464,GDP per capita,1.501
Norway,6,2021,7.392,GDP per capita,1.543
Sweden,7,2021,7.363,GDP per capita,1.478
Luxembourg,8,2021,7.324,GDP per capita,1.751
New Zealand,9,2021,7.277,GDP per capita,1.4
Austria,10,2021,7.268,GDP per capita,1.492
Australia,11,2021,7.183,GDP per capita,1.453
Israel,12,2021,7.157,GDP per capita,1.376
Germany,13,2021,7.155,GDP per capita,1.48
Canada,14,2021,7.103,GDP per capita,1.447
Ireland,15,2021,7.085,GDP per capita,1.644
Costa Rica,16,2021,7.069,GDP per capita,1.134
United Kingdom,17,2021,7.064,GDP per capita,1.423
Czech Republic,18,2021,6.965,GDP per capita,1.37
United States,19,2021,6.951,GDP per capita,1.533
Belgium,20,2021,6.834,GDP per capita,1.463
France,21,2021,6.69,GDP per capita,1.421
Bahrain,22,2021,6.647,GDP per capita,1.409
Malta,23,2021,6.602,GDP per capita,1.411
Taiwan Province of China,24,2021,6.584,GDP per capita,1.48
United Arab Emirates,25,2021,6.561,GDP per capita,1.555
Saudi Arabia,26,2021,6.494,GDP per capita,1.435
Spain,27,2021,6.491,GDP per capita,1.375
Italy,28,2021,6.483,GDP per capita,1.393
Slovenia,29,2021,6.461,GDP per capita,1.36
Guatemala,30,2021,6.435,GDP per capita,0.845
Uruguay,31,2021,6.431,GDP per capita,1.164
Singapore,32,2021,6.377,GDP per capita,1.695
Kosovo,33,2021,6.372,GDP per capita,0.937
Slovakia,34,2021,6.331,GDP per capita,1.304
Brazil,35,2021,6.33,GDP per capita,1.028
Mexico,36,2021,6.317,GDP per capita,1.126
Jamaica,37,2021,6.309,GDP per capita,0.891
Lithuania,38,2021,6.255,GDP per capita,1.35
Cyprus,39,2021,6.223,GDP per capita,1.377
Estonia,40,2021,6.189,GDP per capita,1.344
Panama,41,2021,6.18,GDP per capita,1.298
Uzbekistan,42,2021,6.179,GDP per capita,0.769
Chile,43,2021,6.172,GDP per capita,1.2
Poland,44,2021,6.166,GDP per capita,1.309
Kazakhstan,45,2021,6.152,GDP per capita,1.23
Romania,46,2021,6.14,GDP per capita,1.275
Kuwait,47,2021,6.106,GDP per capita,1.461
Serbia,48,2021,6.078,GDP per capita,1.101
El Salvador,49,2021,6.061,GDP per capita,0.845
Mauritius,50,2021,6.049,GDP per capita,1.178
Latvia,51,2021,6.032,GDP per capita,1.285
Colombia,52,2021,6.012,GDP per capita,1.021
Hungary,53,2021,5.992,GDP per capita,1.301
Thailand,54,2021,5.985,GDP per capita,1.107
Nicaragua,55,2021,5.972,GDP per capita,0.693
Japan,56,2021,5.94,GDP per capita,1.389
Argentina,57,2021,5.929,GDP per capita,1.162
Portugal,58,2021,5.929,GDP per capita,1.323
Honduras,59,2021,5.919,GDP per capita,0.703
Croatia,60,2021,5.882,GDP per capita,1.251
Philippines,61,2021,5.88,GDP per capita,0.853
South Korea,62,2021,5.845,GDP per capita,1.403
Peru,63,2021,5.84,GDP per capita,0.986
Bosnia and Herzegovina,64,2021,5.813,GDP per capita,1.032
Moldova,65,2021,5.766,GDP per capita,0.985
Ecuador,66,2021,5.764,GDP per capita,0.935
Kyrgyzstan,67,2021,5.744,GDP per capita,0.665
Greece,68,2021,5.723,GDP per capita,1.273
Bolivia,69,2021,5.716,GDP per capita,0.842
Mongolia,70,2021,5.677,GDP per capita,0.966
Paraguay,71,2021,5.653,GDP per capita,0.983
Montenegro,72,2021,5.581,GDP per capita,1.155
Dominican Republic,73,2021,5.545,GDP per capita,1.106
North Cyprus,74,2021,5.536,GDP per capita,1.377
Belarus,75,2021,5.534,GDP per capita,1.124
Russia,76,2021,5.477,GDP per capita,1.241
Hong Kong S.A.R. of China,77,2021,5.477,GDP per capita,1.525
Tajikistan,78,2021,5.466,GDP per capita,0.508
Vietnam,79,2021,5.411,GDP per capita,0.817
Libya,80,2021,5.41,GDP per capita,1.044
Malaysia,81,2021,5.384,GDP per capita,1.259
Indonesia,82,2021,5.345,GDP per capita,0.954
Congo (Brazzaville),83,2021,5.342,GDP per capita,0.518
China,84,2021,5.339,GDP per capita,1.061
Ivory Coast,85,2021,5.306,GDP per capita,0.669
Armenia,86,2021,5.283,GDP per capita,0.996
Nepal,87,2021,5.269,GDP per capita,0.519
Bulgaria,88,2021,5.266,GDP per capita,1.181
Maldives,89,2021,5.198,GDP per capita,1.115
Azerbaijan,90,2021,5.171,GDP per capita,1.025
Cameroon,91,2021,5.142,GDP per capita,0.543
Senegal,92,2021,5.132,GDP per capita,0.518
Albania,93,2021,5.117,GDP per capita,1.008
North Macedonia,94,2021,5.101,GDP per capita,1.068
Ghana,95,2021,5.088,GDP per capita,0.68
Niger,96,2021,5.074,GDP per capita,0.162
Turkmenistan,97,2021,5.066,GDP per capita,1.046
Gambia,98,2021,5.051,GDP per capita,0.367
Benin,99,2021,5.045,GDP per capita,0.507
Laos,100,2021,5.03,GDP per capita,0.808
Bangladesh,101,2021,5.025,GDP per capita,0.635
Guinea,102,2021,4.984,GDP per capita,0.42
South Africa,103,2021,4.956,GDP per capita,0.967
Turkey,104,2021,4.948,GDP per capita,1.26
Pakistan,105,2021,4.934,GDP per capita,0.637
Morocco,106,2021,4.918,GDP per capita,0.792
Venezuela,107,2021,4.892,GDP per capita,0.852
Georgia,108,2021,4.891,GDP per capita,1.03
Algeria,109,2021,4.887,GDP per capita,0.946
Ukraine,110,2021,4.875,GDP per capita,0.979
Iraq,111,2021,4.854,GDP per capita,0.91
Gabon,112,2021,4.852,GDP per capita,1.037
Burkina Faso,113,2021,4.834,GDP per capita,0.364
Cambodia,114,2021,4.83,GDP per capita,0.603
Mozambique,115,2021,4.794,GDP per capita,0.183
Nigeria,116,2021,4.759,GDP per capita,0.663
Mali,117,2021,4.723,GDP per capita,0.387
Iran,118,2021,4.721,GDP per capita,1.03
Uganda,119,2021,4.636,GDP per capita,0.364
Liberia,120,2021,4.625,GDP per capita,0.228
Kenya,121,2021,4.607,GDP per capita,0.603
Tunisia,122,2021,4.596,GDP per capita,0.919
Lebanon,123,2021,4.584,GDP per capita,1.045
Namibia,124,2021,4.574,GDP per capita,0.882
Palestinian Territories,125,2021,4.517,GDP per capita,0.646
Myanmar,126,2021,4.426,GDP per capita,0.666
Jordan,127,2021,4.395,GDP per capita,0.89
Chad,128,2021,4.355,GDP per capita,0.255
Sri Lanka,129,2021,4.325,GDP per capita,0.99
Swaziland,130,2021,4.308,GDP per capita,0.849
Comoros,131,2021,4.289,GDP per capita,0.488
Egypt,132,2021,4.283,GDP per capita,0.954
Ethiopia,133,2021,4.275,GDP per capita,0.37
Mauritania,134,2021,4.227,GDP per capita,0.666
Madagascar,135,2021,4.208,GDP per capita,0.266
Togo,136,2021,4.107,GDP per capita,0.254
Zambia,137,2021,4.073,GDP per capita,0.528
Sierra Leone,138,2021,3.849,GDP per capita,0.279
India,139,2021,3.819,GDP per capita,0.741
Burundi,140,2021,3.775,GDP per capita,0.0
Yemen,141,2021,3.658,GDP per capita,0.329
Tanzania,142,2021,3.623,GDP per capita,0.433
Haiti,143,2021,3.615,GDP per capita,0.294
Malawi,144,2021,3.6,GDP per capita,0.113
Lesotho,145,2021,3.512,GDP per capita,0.451
Botswana,146,2021,3.467,GDP per capita,1.099
Rwanda,147,2021,3.415,GDP per capita,0.364
Zimbabwe,148,2021,3.145,GDP per capita,0.457
Afghanistan,149,2021,2.523,GDP per capita,0.37
Finland,1,2021,7.842,Healthy life expectancy,0.741
Denmark,2,2021,7.62,Healthy life expectancy,0.763
Switzerland,3,2021,7.571,Healthy life expectancy,0.816
Iceland,4,2021,7.554,Healthy life expectancy,0.772
Netherlands,5,2021,7.464,Healthy life expectancy,0.753
Norway,6,2021,7.392,Healthy life expectancy,0.782
Sweden,7,2021,7.363,Healthy life expectancy,0.763
Luxembourg,8,2021,7.324,Healthy life expectancy,0.76
New Zealand,9,2021,7.277,Healthy life expectancy,0.785
Austria,10,2021,7.268,Healthy life expectancy,0.782
Australia,11,2021,7.183,Healthy life expectancy,0.801
Israel,12,2021,7.157,Healthy life expectancy,0.788
Germany,13,2021,7.155,Healthy life expectancy,0.757
Canada,14,2021,7.103,Healthy life expectancy,0.798
Ireland,15,2021,7.085,Healthy life expectancy,0.753
Costa Rica,16,2021,7.069,Healthy life expectancy,0.722
United Kingdom,17,2021,7.064,Healthy life expectancy,0.757
Czech Republic,18,2021,6.965,Healthy life expectancy,0.703
United States,19,2021,6.951,Healthy life expectancy,0.621
Belgium,20,2021,6.834,Healthy life expectancy,0.747
France,21,2021,6.69,Healthy life expectancy,0.804
Bahrain,22,2021,6.647,Healthy life expectancy,0.662
Malta,23,2021,6.602,Healthy life expectancy,0.747
Taiwan Province of China,24,2021,6.584,Healthy life expectancy,0.665
United Arab Emirates,25,2021,6.561,Healthy life expectancy,0.594
Saudi Arabia,26,2021,6.494,Healthy life expectancy,0.571
Spain,27,2021,6.491,Healthy life expectancy,0.826
Italy,28,2021,6.483,Healthy life expectancy,0.798
Slovenia,29,2021,6.461,Healthy life expectancy,0.722
Guatemala,30,2021,6.435,Healthy life expectancy,0.519
Uruguay,31,2021,6.431,Healthy life expectancy,0.649
Singapore,32,2021,6.377,Healthy life expectancy,0.897
Kosovo,33,2021,6.372,Healthy life expectancy,0.483
Slovakia,34,2021,6.331,Healthy life expectancy,0.653
Brazil,35,2021,6.33,Healthy life expectancy,0.571
Mexico,36,2021,6.317,Healthy life expectancy,0.634
Jamaica,37,2021,6.309,Healthy life expectancy,0.599
Lithuania,38,2021,6.255,Healthy life expectancy,0.612
Cyprus,39,2021,6.223,Healthy life expectancy,0.801
Estonia,40,2021,6.189,Healthy life expectancy,0.64
Panama,41,2021,6.18,Healthy life expectancy,0.667
Uzbekistan,42,2021,6.179,Healthy life expectancy,0.528
Chile,43,2021,6.172,Healthy life expectancy,0.678
Poland,44,2021,6.166,Healthy life expectancy,0.668
Kazakhstan,45,2021,6.152,Healthy life expectancy,0.527
Romania,46,2021,6.14,Healthy life expectancy,0.595
Kuwait,47,2021,6.106,Healthy life expectancy,0.58
Serbia,48,2021,6.078,Healthy life expectancy,0.634
El Salvador,49,2021,6.061,Healthy life expectancy,0.565
Mauritius,50,2021,6.049,Healthy life expectancy,0.574
Latvia,51,2021,6.032,Healthy life expectancy,0.587
Colombia,52,2021,6.012,Healthy life expectancy,0.615
Hungary,53,2021,5.992,Healthy life expectancy,0.615
Thailand,54,2021,5.985,Healthy life expectancy,0.596
Nicaragua,55,2021,5.972,Healthy life expectancy,0.604
Japan,56,2021,5.94,Healthy life expectancy,0.838
Argentina,57,2021,5.929,Healthy life expectancy,0.646
Portugal,58,2021,5.929,Healthy life expectancy,0.76
Honduras,59,2021,5.919,Healthy life expectancy,0.593
Croatia,60,2021,5.882,Healthy life expectancy,0.703
Philippines,61,2021,5.88,Healthy life expectancy,0.426
South Korea,62,2021,5.845,Healthy life expectancy,0.801
Peru,63,2021,5.84,Healthy life expectancy,0.623
Bosnia and Herzegovina,64,2021,5.813,Healthy life expectancy,0.618
Moldova,65,2021,5.766,Healthy life expectancy,0.542
Ecuador,66,2021,5.764,Healthy life expectancy,0.64
Kyrgyzstan,67,2021,5.744,Healthy life expectancy,0.501
Greece,68,2021,5.723,Healthy life expectancy,0.76
Bolivia,69,2021,5.716,Healthy life expectancy,0.486
Mongolia,70,2021,5.677,Healthy life expectancy,0.442
Paraguay,71,2021,5.653,Healthy life expectancy,0.549
Montenegro,72,2021,5.581,Healthy life expectancy,0.637
Dominican Republic,73,2021,5.545,Healthy life expectancy,0.555
North Cyprus,74,2021,5.536,Healthy life expectancy,0.801
Belarus,75,2021,5.534,Healthy life expectancy,0.56
Russia,76,2021,5.477,Healthy life expectancy,0.511
Hong Kong S.A.R. of China,77,2021,5.477,Healthy life expectancy,0.893
Tajikistan,78,2021,5.466,Healthy life expectancy,0.498
Vietnam,79,2021,5.411,Healthy life expectancy,0.616
Libya,80,2021,5.41,Healthy life expectancy,0.435
Malaysia,81,2021,5.384,Healthy life expectancy,0.587
Indonesia,82,2021,5.345,Healthy life expectancy,0.433
Congo (Brazzaville),83,2021,5.342,Healthy life expectancy,0.307
China,84,2021,5.339,Healthy life expectancy,0.665
Ivory Coast,85,2021,5.306,Healthy life expectancy,0.052
Armenia,86,2021,5.283,Healthy life expectancy,0.585
Nepal,87,2021,5.269,Healthy life expectancy,0.496
Bulgaria,88,2021,5.266,Healthy life expectancy,0.583
Maldives,89,2021,5.198,Healthy life expectancy,0.697
Azerbaijan,90,2021,5.171,Healthy life expectancy,0.541
Cameroon,91,2021,5.142,Healthy life expectancy,0.159
Senegal,92,2021,5.132,Healthy life expectancy,0.357
Albania,93,2021,5.117,Healthy life expectancy,0.646
North Macedonia,94,2021,5.101,Healthy life expectancy,0.535
Ghana,95,2021,5.088,Healthy life expectancy,0.287
Niger,96,2021,5.074,Healthy life expectancy,0.167
Turkmenistan,97,2021,5.066,Healthy life expectancy,0.439
Gambia,98,2021,5.051,Healthy life expectancy,0.21
Benin,99,2021,5.045,Healthy life expectancy,0.196
Laos,100,2021,5.03,Healthy life expectancy,0.33
Bangladesh,101,2021,5.025,Healthy life expectancy,0.514
Guinea,102,2021,4.984,Healthy life expectancy,0.206
South Africa,103,2021,4.956,Healthy life expectancy,0.265
Turkey,104,2021,4.948,Healthy life expectancy,0.59
Pakistan,105,2021,4.934,Healthy life expectancy,0.322
Morocco,106,2021,4.918,Healthy life expectancy,0.558
Venezuela,107,2021,4.892,Healthy life expectancy,0.574
Georgia,108,2021,4.891,Healthy life expectancy,0.498
Algeria,109,2021,4.887,Healthy life expectancy,0.552
Ukraine,110,2021,4.875,Healthy life expectancy,0.517
Iraq,111,2021,4.854,Healthy life expectancy,0.381
Gabon,112,2021,4.852,Healthy life expectancy,0.362
Burkina Faso,113,2021,4.834,Healthy life expectancy,0.179
Cambodia,114,2021,4.83,Healthy life expectancy,0.426
Mozambique,115,2021,4.794,Healthy life expectancy,0.196
Nigeria,116,2021,4.759,Healthy life expectancy,0.051
Mali,117,2021,4.723,Healthy life expectancy,0.11
Iran,118,2021,4.721,Healthy life expectancy,0.561
Uganda,119,2021,4.636,Healthy life expectancy,0.24
Liberia,120,2021,4.625,Healthy life expectancy,0.253
Kenya,121,2021,4.607,Healthy life expectancy,0.385
Tunisia,122,2021,4.596,Healthy life expectancy,0.59
Lebanon,123,2021,4.584,Healthy life expectancy,0.595
Namibia,124,2021,4.574,Healthy life expectancy,0.262
Palestinian Territories,125,2021,4.517,Healthy life expectancy,0.434
Myanmar,126,2021,4.426,Healthy life expectancy,0.341
Jordan,127,2021,4.395,Healthy life expectancy,0.583
Chad,128,2021,4.355,Healthy life expectancy,0.0
Sri Lanka,129,2021,4.325,Healthy life expectancy,0.593
Swaziland,130,2021,4.308,Healthy life expectancy,0.074
Comoros,131,2021,4.289,Healthy life expectancy,0.279
Egypt,132,2021,4.283,Healthy life expectancy,0.426
Ethiopia,133,2021,4.275,Healthy life expectancy,0.331
Mauritania,134,2021,4.227,Healthy life expectancy,0.273
Madagascar,135,2021,4.208,Healthy life expectancy,0.341
Togo,136,2021,4.107,Healthy life expectancy,0.203
Zambia,137,2021,4.073,Healthy life expectancy,0.231
Sierra Leone,138,2021,3.849,Healthy life expectancy,0.1
India,139,2021,3.819,Healthy life expectancy,0.383
Burundi,140,2021,3.775,Healthy life expectancy,0.155
Yemen,141,2021,3.658,Healthy life expectancy,0.272
Tanzania,142,2021,3.623,Healthy life expectancy,0.3
Haiti,143,2021,3.615,Healthy life expectancy,0.227
Malawi,144,2021,3.6,Healthy life expectancy,0.298
Lesotho,145,2021,3.512,Healthy life expectancy,0.007
Botswana,146,2021,3.467,Healthy life expectancy,0.34
Rwanda,147,2021,3.415,Healthy life expectancy,0.407
Zimbabwe,148,2021,3.145,Healthy life expectancy,0.243
Afghanistan,149,2021,2.523,Healthy life expectancy,0.126
Finland,1,2021,7.842,Freedom to make life choices,0.691
Denmark,2,2021,7.62,Freedom to make life choices,0.686
Switzerland,3,2021,7.571,Freedom to make life choices,0.653
Iceland,4,2021,7.554,Freedom to make life choices,0.698
Netherlands,5,2021,7.464,Freedom to make life choices,0.647
Norway,6,2021,7.392,Freedom to make life choices,0.703
Sweden,7,2021,7.363,Freedom to make life choices,0.685
Luxembourg,8,2021,7.324,Freedom to make life choices,0.639
New Zealand,9,2021,7.277,Freedom to make life choices,0.665
Austria,10,2021,7.268,Freedom to make life choices,0.64
Australia,11,2021,7.183,Freedom to make life choices,0.647
Israel,12,2021,7.157,Freedom to make life choices,0.509
Germany,13,2021,7.155,Freedom to make life choices,0.6
Canada,14,2021,7.103,Freedom to make life choices,0.648
Ireland,15,2021,7.085,Freedom to make life choices,0.606
Costa Rica,16,2021,7.069,Freedom to make life choices,0.673
United Kingdom,17,2021,7.064,Freedom to make life choices,0.58
Czech Republic,18,2021,6.965,Freedom to make life choices,0.58
United States,19,2021,6.951,Freedom to make life choices,0.554
Belgium,20,2021,6.834,Freedom to make life choices,0.489
France,21,2021,6.69,Freedom to make life choices,0.536
Bahrain,22,2021,6.647,Freedom to make life choices,0.661
Malta,23,2021,6.602,Freedom to make life choices,0.664
Taiwan Province of China,24,2021,6.584,Freedom to make life choices,0.49
United Arab Emirates,25,2021,6.561,Freedom to make life choices,0.67
Saudi Arabia,26,2021,6.494,Freedom to make life choices,0.603
Spain,27,2021,6.491,Freedom to make life choices,0.462
Italy,28,2021,6.483,Freedom to make life choices,0.379
Slovenia,29,2021,6.461,Freedom to make life choices,0.69
Guatemala,30,2021,6.435,Freedom to make life choices,0.638
Uruguay,31,2021,6.431,Freedom to make life choices,0.625
Singapore,32,2021,6.377,Freedom to make life choices,0.664
Kosovo,33,2021,6.372,Freedom to make life choices,0.593
Slovakia,34,2021,6.331,Freedom to make life choices,0.468
Brazil,35,2021,6.33,Freedom to make life choices,0.514
Mexico,36,2021,6.317,Freedom to make life choices,0.585
Jamaica,37,2021,6.309,Freedom to make life choices,0.618
Lithuania,38,2021,6.255,Freedom to make life choices,0.476
Cyprus,39,2021,6.223,Freedom to make life choices,0.464
Estonia,40,2021,6.189,Freedom to make life choices,0.641
Panama,41,2021,6.18,Freedom to make life choices,0.596
Uzbekistan,42,2021,6.179,Freedom to make life choices,0.716
Chile,43,2021,6.172,Freedom to make life choices,0.438
Poland,44,2021,6.166,Freedom to make life choices,0.558
Kazakhstan,45,2021,6.152,Freedom to make life choices,0.573
Romania,46,2021,6.14,Freedom to make life choices,0.564
Kuwait,47,2021,6.106,Freedom to make life choices,0.591
Serbia,48,2021,6.078,Freedom to make life choices,0.482
El Salvador,49,2021,6.061,Freedom to make life choices,0.615
Mauritius,50,2021,6.049,Freedom to make life choices,0.59
Latvia,51,2021,6.032,Freedom to make life choices,0.405
Colombia,52,2021,6.012,Freedom to make life choices,0.554
Hungary,53,2021,5.992,Freedom to make life choices,0.454
Thailand,54,2021,5.985,Freedom to make life choices,0.611
Nicaragua,55,2021,5.972,Freedom to make life choices,0.553
Japan,56,2021,5.94,Freedom to make life choices,0.504
Argentina,57,2021,5.929,Freedom to make life choices,0.544
Portugal,58,2021,5.929,Freedom to make life choices,0.621
Honduras,59,2021,5.919,Freedom to make life choices,0.578
Croatia,60,2021,5.882,Freedom to make life choices,0.453
Philippines,61,2021,5.88,Freedom to make life choices,0.651
South Korea,62,2021,5.845,Freedom to make life choices,0.353
Peru,63,2021,5.84,Freedom to make life choices,0.536
Bosnia and Herzegovina,64,2021,5.813,Freedom to make life choices,0.395
Moldova,65,2021,5.766,Freedom to make life choices,0.536
Ecuador,66,2021,5.764,Freedom to make life choices,0.56
Kyrgyzstan,67,2021,5.744,Freedom to make life choices,0.673
Greece,68,2021,5.723,Freedom to make life choices,0.243
Bolivia,69,2021,5.716,Freedom to make life choices,0.6
Mongolia,70,2021,5.677,Freedom to make life choices,0.397
Paraguay,71,2021,5.653,Freedom to make life choices,0.602
Montenegro,72,2021,5.581,Freedom to make life choices,0.397
Dominican Republic,73,2021,5.545,Freedom to make life choices,0.581
North Cyprus,74,2021,5.536,Freedom to make life choices,0.503
Belarus,75,2021,5.534,Freedom to make life choices,0.326
Russia,76,2021,5.477,Freedom to make life choices,0.409
Hong Kong S.A.R. of China,77,2021,5.477,Freedom to make life choices,0.408
Tajikistan,78,2021,5.466,Freedom to make life choices,0.548
Vietnam,79,2021,5.411,Freedom to make life choices,0.679
Libya,80,2021,5.41,Freedom to make life choices,0.474
Malaysia,81,2021,5.384,Freedom to make life choices,0.624
Indonesia,82,2021,5.345,Freedom to make life choices,0.598
Congo (Brazzaville),83,2021,5.342,Freedom to make life choices,0.381
China,84,2021,5.339,Freedom to make life choices,0.636
Ivory Coast,85,2021,5.306,Freedom to make life choices,0.438
Armenia,86,2021,5.283,Freedom to make life choices,0.54
Nepal,87,2021,5.269,Freedom to make life choices,0.488
Bulgaria,88,2021,5.266,Freedom to make life choices,0.494
Maldives,89,2021,5.198,Freedom to make life choices,0.575
Azerbaijan,90,2021,5.171,Freedom to make life choices,0.526
Cameroon,91,2021,5.142,Freedom to make life choices,0.425
Senegal,92,2021,5.132,Freedom to make life choices,0.381
Albania,93,2021,5.117,Freedom to make life choices,0.491
North Macedonia,94,2021,5.101,Freedom to make life choices,0.45
Ghana,95,2021,5.088,Freedom to make life choices,0.517
Niger,96,2021,5.074,Freedom to make life choices,0.516
Turkmenistan,97,2021,5.066,Freedom to make life choices,0.602
Gambia,98,2021,5.051,Freedom to make life choices,0.384
Benin,99,2021,5.045,Freedom to make life choices,0.457
Laos,100,2021,5.03,Freedom to make life choices,0.643
Bangladesh,101,2021,5.025,Freedom to make life choices,0.603
Guinea,102,2021,4.984,Freedom to make life choices,0.384
South Africa,103,2021,4.956,Freedom to make life choices,0.447
Turkey,104,2021,4.948,Freedom to make life choices,0.236
Pakistan,105,2021,4.934,Freedom to make life choices,0.418
Morocco,106,2021,4.918,Freedom to make life choices,0.477
Venezuela,107,2021,4.892,Freedom to make life choices,0.284
Georgia,108,2021,4.891,Freedom to make life choices,0.488
Algeria,109,2021,4.887,Freedom to make life choices,0.119
Ukraine,110,2021,4.875,Freedom to make life choices,0.417
Iraq,111,2021,4.854,Freedom to make life choices,0.302
Gabon,112,2021,4.852,Freedom to make life choices,0.424
Burkina Faso,113,2021,4.834,Freedom to make life choices,0.381
Cambodia,114,2021,4.83,Freedom to make life choices,0.702
Mozambique,115,2021,4.794,Freedom to make life choices,0.608
Nigeria,116,2021,4.759,Freedom to make life choices,0.433
Mali,117,2021,4.723,Freedom to make life choices,0.384
Iran,118,2021,4.721,Freedom to make life choices,0.275
Uganda,119,2021,4.636,Freedom to make life choices,0.398
Liberia,120,2021,4.625,Freedom to make life choices,0.43
Kenya,121,2021,4.607,Freedom to make life choices,0.483
Tunisia,122,2021,4.596,Freedom to make life choices,0.334
Lebanon,123,2021,4.584,Freedom to make life choices,0.175
Namibia,124,2021,4.574,Freedom to make life choices,0.411
Palestinian Territories,125,2021,4.517,Freedom to make life choices,0.33
Myanmar,126,2021,4.426,Freedom to make life choices,0.601
Jordan,127,2021,4.395,Freedom to make life choices,0.455
Chad,128,2021,4.355,Freedom to make life choices,0.24
Sri Lanka,129,2021,4.325,Freedom to make life choices,0.559
Swaziland,130,2021,4.308,Freedom to make life choices,0.323
Comoros,131,2021,4.289,Freedom to make life choices,0.202
Egypt,132,2021,4.283,Freedom to make life choices,0.446
Ethiopia,133,2021,4.275,Freedom to make life choices,0.451
Mauritania,134,2021,4.227,Freedom to make life choices,0.218
Madagascar,135,2021,4.208,Freedom to make life choices,0.207
Togo,136,2021,4.107,Freedom to make life choices,0.289
Zambia,137,2021,4.073,Freedom to make life choices,0.487
Sierra Leone,138,2021,3.849,Freedom to make life choices,0.408
India,139,2021,3.819,Freedom to make life choices,0.622
Burundi,140,2021,3.775,Freedom to make life choices,0.298
Yemen,141,2021,3.658,Freedom to make life choices,0.268
Tanzania,142,2021,3.623,Freedom to make life choices,0.549
Haiti,143,2021,3.615,Freedom to make life choices,0.257
Malawi,144,2021,3.6,Freedom to make life choices,0.484
Lesotho,145,2021,3.512,Freedom to make life choices,0.405
Botswana,146,2021,3.467,Freedom to make life choices,0.539
Rwanda,147,2021,3.415,Freedom to make life choices,0.627
Zimbabwe,148,2021,3.145,Freedom to make life choices,0.359
Afghanistan,149,2021,2.523,Freedom to make life choices,0.0
Finland,1,2021,7.842,Generosity,0.124
Denmark,2,2021,7.62,Generosity,0.208
Switzerland,3,2021,7.571,Generosity,0.204
Iceland,4,2021,7.554,Generosity,0.293
Netherlands,5,2021,7.464,Generosity,0.302
Norway,6,2021,7.392,Generosity,0.249
Sweden,7,2021,7.363,Generosity,0.244
Luxembourg,8,2021,7.324,Generosity,0.166
New Zealand,9,2021,7.277,Generosity,0.276
Austria,10,2021,7.268,Generosity,0.215
Australia,11,2021,7.183,Generosity,0.291
Israel,12,2021,7.157,Generosity,0.208
Germany,13,2021,7.155,Generosity,0.195
Canada,14,2021,7.103,Generosity,0.246
Ireland,15,2021,7.085,Generosity,0.238
Costa Rica,16,2021,7.069,Generosity,0.105
United Kingdom,17,2021,7.064,Generosity,0.34
Czech Republic,18,2021,6.965,Generosity,0.052
United States,19,2021,6.951,Generosity,0.252
Belgium,20,2021,6.834,Generosity,0.088
France,21,2021,6.69,Generosity,0.092
Bahrain,22,2021,6.647,Generosity,0.246
Malta,23,2021,6.602,Generosity,0.275
Taiwan Province of China,24,2021,6.584,Generosity,0.142
United Arab Emirates,25,2021,6.561,Generosity,0.236
Saudi Arabia,26,2021,6.494,Generosity,0.09
Spain,27,2021,6.491,Generosity,0.135
Italy,28,2021,6.483,Generosity,0.133
Slovenia,29,2021,6.461,Generosity,0.122
Guatemala,30,2021,6.435,Generosity,0.163
Uruguay,31,2021,6.431,Generosity,0.128
Singapore,32,2021,6.377,Generosity,0.176
Kosovo,33,2021,6.372,Generosity,0.356
Slovakia,34,2021,6.331,Generosity,0.107
Brazil,35,2021,6.33,Generosity,0.142
Mexico,36,2021,6.317,Generosity,0.092
Jamaica,37,2021,6.309,Generosity,0.099
Lithuania,38,2021,6.255,Generosity,0.056
Cyprus,39,2021,6.223,Generosity,0.178
Estonia,40,2021,6.189,Generosity,0.119
Panama,41,2021,6.18,Generosity,0.079
Uzbekistan,42,2021,6.179,Generosity,0.391
Chile,43,2021,6.172,Generosity,0.159
Poland,44,2021,6.166,Generosity,0.08
Kazakhstan,45,2021,6.152,Generosity,0.143
Romania,46,2021,6.14,Generosity,0.045
Kuwait,47,2021,6.106,Generosity,0.12
Serbia,48,2021,6.078,Generosity,0.189
El Salvador,49,2021,6.061,Generosity,0.116
Mauritius,50,2021,6.049,Generosity,0.153
Latvia,51,2021,6.032,Generosity,0.082
Colombia,52,2021,6.012,Generosity,0.1
Hungary,53,2021,5.992,Generosity,0.067
Thailand,54,2021,5.985,Generosity,0.375
Nicaragua,55,2021,5.972,Generosity,0.201
Japan,56,2021,5.94,Generosity,0.02
Argentina,57,2021,5.929,Generosity,0.069
Portugal,58,2021,5.929,Generosity,0.029
Honduras,59,2021,5.919,Generosity,0.241
Croatia,60,2021,5.882,Generosity,0.111
Philippines,61,2021,5.88,Generosity,0.125
South Korea,62,2021,5.845,Generosity,0.134
Peru,63,2021,5.84,Generosity,0.087
Bosnia and Herzegovina,64,2021,5.813,Generosity,0.261
Moldova,65,2021,5.766,Generosity,0.137
Ecuador,66,2021,5.764,Generosity,0.107
Kyrgyzstan,67,2021,5.744,Generosity,0.266
Greece,68,2021,5.723,Generosity,0.0
Bolivia,69,2021,5.716,Generosity,0.138
Mongolia,70,2021,5.677,Generosity,0.263
Paraguay,71,2021,5.653,Generosity,0.206
Montenegro,72,2021,5.581,Generosity,0.166
Dominican Republic,73,2021,5.545,Generosity,0.101
North Cyprus,74,2021,5.536,Generosity,0.196
Belarus,75,2021,5.534,Generosity,0.07
Russia,76,2021,5.477,Generosity,0.115
Hong Kong S.A.R. of China,77,2021,5.477,Generosity,0.232
Tajikistan,78,2021,5.466,Generosity,0.152
Vietnam,79,2021,5.411,Generosity,0.124
Libya,80,2021,5.41,Generosity,0.131
Malaysia,81,2021,5.384,Generosity,0.27
Indonesia,82,2021,5.345,Generosity,0.541
Congo (Brazzaville),83,2021,5.342,Generosity,0.144
China,84,2021,5.339,Generosity,0.093
Ivory Coast,85,2021,5.306,Generosity,0.177
Armenia,86,2021,5.283,Generosity,0.079
Nepal,87,2021,5.269,Generosity,0.287
Bulgaria,88,2021,5.266,Generosity,0.125
Maldives,89,2021,5.198,Generosity,0.204
Azerbaijan,90,2021,5.171,Generosity,0.043
Cameroon,91,2021,5.142,Generosity,0.205
Senegal,92,2021,5.132,Generosity,0.158
Albania,93,2021,5.117,Generosity,0.168
North Macedonia,94,2021,5.101,Generosity,0.212
Ghana,95,2021,5.088,Generosity,0.268
Niger,96,2021,5.074,Generosity,0.2
Turkmenistan,97,2021,5.066,Generosity,0.366
Gambia,98,2021,5.051,Generosity,0.465
Benin,99,2021,5.045,Generosity,0.166
Laos,100,2021,5.03,Generosity,0.268
Bangladesh,101,2021,5.025,Generosity,0.161
Guinea,102,2021,4.984,Generosity,0.25
South Africa,103,2021,4.956,Generosity,0.144
Turkey,104,2021,4.948,Generosity,0.097
Pakistan,105,2021,4.934,Generosity,0.252
Morocco,106,2021,4.918,Generosity,0.034
Venezuela,107,2021,4.892,Generosity,0.078
Georgia,108,2021,4.891,Generosity,0.032
Algeria,109,2021,4.887,Generosity,0.144
Ukraine,110,2021,4.875,Generosity,0.181
Iraq,111,2021,4.854,Generosity,0.153
Gabon,112,2021,4.852,Generosity,0.058
Burkina Faso,113,2021,4.834,Generosity,0.182
Cambodia,114,2021,4.83,Generosity,0.21
Mozambique,115,2021,4.794,Generosity,0.228
Nigeria,116,2021,4.759,Generosity,0.212
Mali,117,2021,4.723,Generosity,0.164
Iran,118,2021,4.721,Generosity,0.33
Uganda,119,2021,4.636,Generosity,0.267
Liberia,120,2021,4.625,Generosity,0.221
Kenya,121,2021,4.607,Generosity,0.375
Tunisia,122,2021,4.596,Generosity,0.057
Lebanon,123,2021,4.584,Generosity,0.14
Namibia,124,2021,4.574,Generosity,0.091
Palestinian Territories,125,2021,4.517,Generosity,0.082
Myanmar,126,2021,4.426,Generosity,0.52
Jordan,127,2021,4.395,Generosity,0.079
Chad,128,2021,4.355,Generosity,0.215
Sri Lanka,129,2021,4.325,Generosity,0.239
Swaziland,130,2021,4.308,Generosity,0.067
Comoros,131,2021,4.289,Generosity,0.241
Egypt,132,2021,4.283,Generosity,0.069
Ethiopia,133,2021,4.275,Generosity,0.241
Mauritania,134,2021,4.227,Generosity,0.119
Madagascar,135,2021,4.208,Generosity,0.185
Togo,136,2021,4.107,Generosity,0.209
Zambia,137,2021,4.073,Generosity,0.227
Sierra Leone,138,2021,3.849,Generosity,0.243
India,139,2021,3.819,Generosity,0.246
Burundi,140,2021,3.775,Generosity,0.172
Yemen,141,2021,3.658,Generosity,0.092
Tanzania,142,2021,3.623,Generosity,0.307
Haiti,143,2021,3.615,Generosity,0.463
Malawi,144,2021,3.6,Generosity,0.213
Lesotho,145,2021,3.512,Generosity,0.103
Botswana,146,2021,3.467,Generosity,0.027
Rwanda,147,2021,3.415,Generosity,0.227
Zimbabwe,148,2021,3.145,Generosity,0.157
Afghanistan,149,2021,2.523,Generosity,0.122
Finland,1,2021,7.842,Perceptions of corruption,0.481
Denmark,2,2021,7.62,Perceptions of corruption,0.485
Switzerland,3,2021,7.571,Perceptions of corruption,0.413
Iceland,4,2021,7.554,Perceptions of corruption,0.17
Netherlands,5,2021,7.464,Perceptions of corruption,0.384
Norway,6,2021,7.392,Perceptions of corruption,0.427
Sweden,7,2021,7.363,Perceptions of corruption,0.448
Luxembourg,8,2021,7.324,Perceptions of corruption,0.353
New Zealand,9,2021,7.277,Perceptions of corruption,0.445
Austria,10,2021,7.268,Perceptions of corruption,0.292
Australia,11,2021,7.183,Perceptions of corruption,0.317
Israel,12,2021,7.157,Perceptions of corruption,0.119
Germany,13,2021,7.155,Perceptions of corruption,0.306
Canada,14,2021,7.103,Perceptions of corruption,0.335
Ireland,15,2021,7.085,Perceptions of corruption,0.367
Costa Rica,16,2021,7.069,Perceptions of corruption,0.083
United Kingdom,17,2021,7.064,Perceptions of corruption,0.306
Czech Republic,18,2021,6.965,Perceptions of corruption,0.046
United States,19,2021,6.951,Perceptions of corruption,0.154
Belgium,20,2021,6.834,Perceptions of corruption,0.187
France,21,2021,6.69,Perceptions of corruption,0.235
Bahrain,22,2021,6.647,Perceptions of corruption,0.139
Malta,23,2021,6.602,Perceptions of corruption,0.183
Taiwan Province of China,24,2021,6.584,Perceptions of corruption,0.139
United Arab Emirates,25,2021,6.561,Perceptions of corruption,0.223
Saudi Arabia,26,2021,6.494,Perceptions of corruption,0.163
Spain,27,2021,6.491,Perceptions of corruption,0.124
Italy,28,2021,6.483,Perceptions of corruption,0.047
Slovenia,29,2021,6.461,Perceptions of corruption,0.085
Guatemala,30,2021,6.435,Perceptions of corruption,0.105
Uruguay,31,2021,6.431,Perceptions of corruption,0.223
Singapore,32,2021,6.377,Perceptions of corruption,0.547
Kosovo,33,2021,6.372,Perceptions of corruption,0.014
Slovakia,34,2021,6.331,Perceptions of corruption,0.018
Brazil,35,2021,6.33,Perceptions of corruption,0.117
Mexico,36,2021,6.317,Perceptions of corruption,0.089
Jamaica,37,2021,6.309,Perceptions of corruption,0.035
Lithuania,38,2021,6.255,Perceptions of corruption,0.073
Cyprus,39,2021,6.223,Perceptions of corruption,0.061
Estonia,40,2021,6.189,Perceptions of corruption,0.263
Panama,41,2021,6.18,Perceptions of corruption,0.053
Uzbekistan,42,2021,6.179,Perceptions of corruption,0.271
Chile,43,2021,6.172,Perceptions of corruption,0.07
Poland,44,2021,6.166,Perceptions of corruption,0.13
Kazakhstan,45,2021,6.152,Perceptions of corruption,0.132
Romania,46,2021,6.14,Perceptions of corruption,0.001
Kuwait,47,2021,6.106,Perceptions of corruption,0.13
Serbia,48,2021,6.078,Perceptions of corruption,0.066
El Salvador,49,2021,6.061,Perceptions of corruption,0.16
Mauritius,50,2021,6.049,Perceptions of corruption,0.096
Latvia,51,2021,6.032,Perceptions of corruption,0.089
Colombia,52,2021,6.012,Perceptions of corruption,0.063
Hungary,53,2021,5.992,Perceptions of corruption,0.04
Thailand,54,2021,5.985,Perceptions of corruption,0.028
Nicaragua,55,2021,5.972,Perceptions of corruption,0.176
Japan,56,2021,5.94,Perceptions of corruption,0.192
Argentina,57,2021,5.929,Perceptions of corruption,0.067
Portugal,58,2021,5.929,Perceptions of corruption,0.033
Honduras,59,2021,5.919,Perceptions of corruption,0.083
Croatia,60,2021,5.882,Perceptions of corruption,0.0
Philippines,61,2021,5.88,Perceptions of corruption,0.126
South Korea,62,2021,5.845,Perceptions of corruption,0.135
Peru,63,2021,5.84,Perceptions of corruption,0.031
Bosnia and Herzegovina,64,2021,5.813,Perceptions of corruption,0.005
Moldova,65,2021,5.766,Perceptions of corruption,0.013
Ecuador,66,2021,5.764,Perceptions of corruption,0.062
Kyrgyzstan,67,2021,5.744,Perceptions of corruption,0.02
Greece,68,2021,5.723,Perceptions of corruption,0.074
Bolivia,69,2021,5.716,Perceptions of corruption,0.064
Mongolia,70,2021,5.677,Perceptions of corruption,0.053
Paraguay,71,2021,5.653,Perceptions of corruption,0.037
Montenegro,72,2021,5.581,Perceptions of corruption,0.081
Dominican Republic,73,2021,5.545,Perceptions of corruption,0.144
North Cyprus,74,2021,5.536,Perceptions of corruption,0.2
Belarus,75,2021,5.534,Perceptions of corruption,0.199
Russia,76,2021,5.477,Perceptions of corruption,0.06
Hong Kong S.A.R. of China,77,2021,5.477,Perceptions of corruption,0.342
Tajikistan,78,2021,5.466,Perceptions of corruption,0.247
Vietnam,79,2021,5.411,Perceptions of corruption,0.091
Libya,80,2021,5.41,Perceptions of corruption,0.174
Malaysia,81,2021,5.384,Perceptions of corruption,0.064
Indonesia,82,2021,5.345,Perceptions of corruption,0.046
Congo (Brazzaville),83,2021,5.342,Perceptions of corruption,0.124
China,84,2021,5.339,Perceptions of corruption,0.117
Ivory Coast,85,2021,5.306,Perceptions of corruption,0.092
Armenia,86,2021,5.283,Perceptions of corruption,0.198
Nepal,87,2021,5.269,Perceptions of corruption,0.135
Bulgaria,88,2021,5.266,Perceptions of corruption,0.005
Maldives,89,2021,5.198,Perceptions of corruption,0.073
Azerbaijan,90,2021,5.171,Perceptions of corruption,0.276
Cameroon,91,2021,5.142,Perceptions of corruption,0.058
Senegal,92,2021,5.132,Perceptions of corruption,0.088
Albania,93,2021,5.117,Perceptions of corruption,0.024
North Macedonia,94,2021,5.101,Perceptions of corruption,0.022
Ghana,95,2021,5.088,Perceptions of corruption,0.058
Niger,96,2021,5.074,Perceptions of corruption,0.157
Turkmenistan,97,2021,5.066,Perceptions of corruption,0.033
Gambia,98,2021,5.051,Perceptions of corruption,0.123
Benin,99,2021,5.045,Perceptions of corruption,0.178
Laos,100,2021,5.03,Perceptions of corruption,0.179
Bangladesh,101,2021,5.025,Perceptions of corruption,0.164
Guinea,102,2021,4.984,Perceptions of corruption,0.111
South Africa,103,2021,4.956,Perceptions of corruption,0.051
Turkey,104,2021,4.948,Perceptions of corruption,0.104
Pakistan,105,2021,4.934,Perceptions of corruption,0.097
Morocco,106,2021,4.918,Perceptions of corruption,0.088
Venezuela,107,2021,4.892,Perceptions of corruption,0.072
Georgia,108,2021,4.891,Perceptions of corruption,0.181
Algeria,109,2021,4.887,Perceptions of corruption,0.12
Ukraine,110,2021,4.875,Perceptions of corruption,0.01
Iraq,111,2021,4.854,Perceptions of corruption,0.041
Gabon,112,2021,4.852,Perceptions of corruption,0.064
Burkina Faso,113,2021,4.834,Perceptions of corruption,0.122
Cambodia,114,2021,4.83,Perceptions of corruption,0.061
Mozambique,115,2021,4.794,Perceptions of corruption,0.163
Nigeria,116,2021,4.759,Perceptions of corruption,0.039
Mali,117,2021,4.723,Perceptions of corruption,0.072
Iran,118,2021,4.721,Perceptions of corruption,0.144
Uganda,119,2021,4.636,Perceptions of corruption,0.054
Liberia,120,2021,4.625,Perceptions of corruption,0.057
Kenya,121,2021,4.607,Perceptions of corruption,0.073
Tunisia,122,2021,4.596,Perceptions of corruption,0.044
Lebanon,123,2021,4.584,Perceptions of corruption,0.026
Namibia,124,2021,4.574,Perceptions of corruption,0.059
Palestinian Territories,125,2021,4.517,Perceptions of corruption,0.075
Myanmar,126,2021,4.426,Perceptions of corruption,0.178
Jordan,127,2021,4.395,Perceptions of corruption,0.15
Chad,128,2021,4.355,Perceptions of corruption,0.084
Sri Lanka,129,2021,4.325,Perceptions of corruption,0.049
Swaziland,130,2021,4.308,Perceptions of corruption,0.147
Comoros,131,2021,4.289,Perceptions of corruption,0.101
Egypt,132,2021,4.283,Perceptions of corruption,0.092
Ethiopia,133,2021,4.275,Perceptions of corruption,0.114
Mauritania,134,2021,4.227,Perceptions of corruption,0.133
Madagascar,135,2021,4.208,Perceptions of corruption,0.087
Togo,136,2021,4.107,Perceptions of corruption,0.107
Zambia,137,2021,4.073,Perceptions of corruption,0.074
Sierra Leone,138,2021,3.849,Perceptions of corruption,0.047
India,139,2021,3.819,Perceptions of corruption,0.106
Burundi,140,2021,3.775,Perceptions of corruption,0.212
Yemen,141,2021,3.658,Perceptions of corruption,0.089
Tanzania,142,2021,3.623,Perceptions of corruption,0.231
Haiti,143,2021,3.615,Perceptions of corruption,0.139
Malawi,144,2021,3.6,Perceptions of corruption,0.134
Lesotho,145,2021,3.512,Perceptions of corruption,0.015
Botswana,146,2021,3.467,Perceptions of corruption,0.088
Rwanda,147,2021,3.415,Perceptions of corruption,0.493
Zimbabwe,148,2021,3.145,Perceptions of corruption,0.075
Afghanistan,149,2021,2.523,Perceptions of corruption,0.01
Finland,1,2019,7.769,GDP per capita,1.34
Denmark,2,2019,7.6,GDP per capita,1.383
Norway,3,2019,7.554,GDP per capita,1.488
Iceland,4,2019,7.494,GDP per capita,1.38
Netherlands,5,2019,7.488,GDP per capita,1.396
Switzerland,6,2019,7.48,GDP per capita,1.452
Sweden,7,2019,7.343,GDP per capita,1.387
New Zealand,8,2019,7.307,GDP per capita,1.303
Canada,9,2019,7.278,GDP per capita,1.365
Austria,10,2019,7.246,GDP per capita,1.376
Australia,11,2019,7.228,GDP per capita,1.372
Costa Rica,12,2019,7.167,GDP per capita,1.034
Israel,13,2019,7.139,GDP per capita,1.276
Luxembourg,14,2019,7.09,GDP per capita,1.609
United Kingdom,15,2019,7.054,GDP per capita,1.333
Ireland,16,2019,7.021,GDP per capita,1.499
Germany,17,2019,6.985,GDP per capita,1.373
Belgium,18,2019,6.923,GDP per capita,1.356
United States,19,2019,6.892,GDP per capita,1.433
Czech Republic,20,2019,6.852,GDP per capita,1.269
United Arab Emirates,21,2019,6.825,GDP per capita,1.503
Malta,22,2019,6.726,GDP per capita,1.3
Mexico,23,2019,6.595,GDP per capita,1.07
France,24,2019,6.592,GDP per capita,1.324
Taiwan,25,2019,6.446,GDP per capita,1.368
Chile,26,2019,6.444,GDP per capita,1.159
Guatemala,27,2019,6.436,GDP per capita,0.8
Saudi Arabia,28,2019,6.375,GDP per capita,1.403
Qatar,29,2019,6.374,GDP per capita,1.684
Spain,30,2019,6.354,GDP per capita,1.286
Panama,31,2019,6.321,GDP per capita,1.149
Brazil,32,2019,6.3,GDP per capita,1.004
Uruguay,33,2019,6.293,GDP per capita,1.124
Singapore,34,2019,6.262,GDP per capita,1.572
El Salvador,35,2019,6.253,GDP per capita,0.794
Italy,36,2019,6.223,GDP per capita,1.294
Bahrain,37,2019,6.199,GDP per capita,1.362
Slovakia,38,2019,6.198,GDP per capita,1.246
Trinidad & Tobago,39,2019,6.192,GDP per capita,1.231
Poland,40,2019,6.182,GDP per capita,1.206
Uzbekistan,41,2019,6.174,GDP per capita,0.745
Lithuania,42,2019,6.149,GDP per capita,1.238
Colombia,43,2019,6.125,GDP per capita,0.985
Slovenia,44,2019,6.118,GDP per capita,1.258
Nicaragua,45,2019,6.105,GDP per capita,0.694
Kosovo,46,2019,6.1,GDP per capita,0.882
Argentina,47,2019,6.086,GDP per capita,1.092
Romania,48,2019,6.07,GDP per capita,1.162
Cyprus,49,2019,6.046,GDP per capita,1.263
Ecuador,50,2019,6.028,GDP per capita,0.912
Kuwait,51,2019,6.021,GDP per capita,1.5
Thailand,52,2019,6.008,GDP per capita,1.05
Latvia,53,2019,5.94,GDP per capita,1.187
South Korea,54,2019,5.895,GDP per capita,1.301
Estonia,55,2019,5.893,GDP per capita,1.237
Jamaica,56,2019,5.89,GDP per capita,0.831
Mauritius,57,2019,5.888,GDP per capita,1.12
Japan,58,2019,5.886,GDP per capita,1.327
Honduras,59,2019,5.86,GDP per capita,0.642
Kazakhstan,60,2019,5.809,GDP per capita,1.173
Bolivia,61,2019,5.779,GDP per capita,0.776
Hungary,62,2019,5.758,GDP per capita,1.201
Paraguay,63,2019,5.743,GDP per capita,0.855
Northern Cyprus,64,2019,5.718,GDP per capita,1.263
Peru,65,2019,5.697,GDP per capita,0.96
Portugal,66,2019,5.693,GDP per capita,1.221
Pakistan,67,2019,5.653,GDP per capita,0.677
Russia,68,2019,5.648,GDP per capita,1.183
Philippines,69,2019,5.631,GDP per capita,0.807
Serbia,70,2019,5.603,GDP per capita,1.004
Moldova,71,2019,5.529,GDP per capita,0.685
Libya,72,2019,5.525,GDP per capita,1.044
Montenegro,73,2019,5.523,GDP per capita,1.051
Tajikistan,74,2019,5.467,GDP per capita,0.493
Croatia,75,2019,5.432,GDP per capita,1.155
Hong Kong,76,2019,5.43,GDP per capita,1.438
Dominican Republic,77,2019,5.425,GDP per capita,1.015
Bosnia and Herzegovina,78,2019,5.386,GDP per capita,0.945
Turkey,79,2019,5.373,GDP per capita,1.183
Malaysia,80,2019,5.339,GDP per capita,1.221
Belarus,81,2019,5.323,GDP per capita,1.067
Greece,82,2019,5.287,GDP per capita,1.181
Mongolia,83,2019,5.285,GDP per capita,0.948
North Macedonia,84,2019,5.274,GDP per capita,0.983
Nigeria,85,2019,5.265,GDP per capita,0.696
Kyrgyzstan,86,2019,5.261,GDP per capita,0.551
Turkmenistan,87,2019,5.247,GDP per capita,1.052
Algeria,88,2019,5.211,GDP per capita,1.002
Morocco,89,2019,5.208,GDP per capita,0.801
Azerbaijan,90,2019,5.208,GDP per capita,1.043
Lebanon,91,2019,5.197,GDP per capita,0.987
Indonesia,92,2019,5.192,GDP per capita,0.931
China,93,2019,5.191,GDP per capita,1.029
Vietnam,94,2019,5.175,GDP per capita,0.741
Bhutan,95,2019,5.082,GDP per capita,0.813
Cameroon,96,2019,5.044,GDP per capita,0.549
Bulgaria,97,2019,5.011,GDP per capita,1.092
Ghana,98,2019,4.996,GDP per capita,0.611
Ivory Coast,99,2019,4.944,GDP per capita,0.569
Nepal,100,2019,4.913,GDP per capita,0.446
Jordan,101,2019,4.906,GDP per capita,0.837
Benin,102,2019,4.883,GDP per capita,0.393
Congo (Brazzaville),103,2019,4.812,GDP per capita,0.673
Gabon,104,2019,4.799,GDP per capita,1.057
Laos,105,2019,4.796,GDP per capita,0.764
South Africa,106,2019,4.722,GDP per capita,0.96
Albania,107,2019,4.719,GDP per capita,0.947
Venezuela,108,2019,4.707,GDP per capita,0.96
Cambodia,109,2019,4.7,GDP per capita,0.574
Palestinian Territories,110,2019,4.696,GDP per capita,0.657
Senegal,111,2019,4.681,GDP per capita,0.45
Somalia,112,2019,4.668,GDP per capita,0.0
Namibia,113,2019,4.639,GDP per capita,0.879
Niger,114,2019,4.628,GDP per capita,0.138
Burkina Faso,115,2019,4.587,GDP per capita,0.331
Armenia,116,2019,4.559,GDP per capita,0.85
Iran,117,2019,4.548,GDP per capita,1.1
Guinea,118,2019,4.534,GDP per capita,0.38
Georgia,119,2019,4.519,GDP per capita,0.886
Gambia,120,2019,4.516,GDP per capita,0.308
Kenya,121,2019,4.509,GDP per capita,0.512
Mauritania,122,2019,4.49,GDP per capita,0.57
Mozambique,123,2019,4.466,GDP per capita,0.204
Tunisia,124,2019,4.461,GDP per capita,0.921
Bangladesh,125,2019,4.456,GDP per capita,0.562
Iraq,126,2019,4.437,GDP per capita,1.043
Congo (Kinshasa),127,2019,4.418,GDP per capita,0.094
Mali,128,2019,4.39,GDP per capita,0.385
Sierra Leone,129,2019,4.374,GDP per capita,0.268
Sri Lanka,130,2019,4.366,GDP per capita,0.949
Myanmar,131,2019,4.36,GDP per capita,0.71
Chad,132,2019,4.35,GDP per capita,0.35
Ukraine,133,2019,4.332,GDP per capita,0.82
Ethiopia,134,2019,4.286,GDP per capita,0.336
Swaziland,135,2019,4.212,GDP per capita,0.811
Uganda,136,2019,4.189,GDP per capita,0.332
Egypt,137,2019,4.166,GDP per capita,0.913
Zambia,138,2019,4.107,GDP per capita,0.578
Togo,139,2019,4.085,GDP per capita,0.275
India,140,2019,4.015,GDP per capita,0.755
Liberia,141,2019,3.975,GDP per capita,0.073
Comoros,142,2019,3.973,GDP per capita,0.274
Madagascar,143,2019,3.933,GDP per capita,0.274
Lesotho,144,2019,3.802,GDP per capita,0.489
Burundi,145,2019,3.775,GDP per capita,0.046
Zimbabwe,146,2019,3.663,GDP per capita,0.366
Haiti,147,2019,3.597,GDP per capita,0.323
Botswana,148,2019,3.488,GDP per capita,1.041
Syria,149,2019,3.462,GDP per capita,0.619
Malawi,150,2019,3.41,GDP per capita,0.191
Yemen,151,2019,3.38,GDP per capita,0.287
Rwanda,152,2019,3.334,GDP per capita,0.359
Tanzania,153,2019,3.231,GDP per capita,0.476
Afghanistan,154,2019,3.203,GDP per capita,0.35
Central African Republic,155,2019,3.083,GDP per capita,0.026
South Sudan,156,2019,2.853,GDP per capita,0.306
Finland,1,2019,7.769,Healthy life expectancy,0.986
Denmark,2,2019,7.6,Healthy life expectancy,0.996
Norway,3,2019,7.554,Healthy life expectancy,1.028
Iceland,4,2019,7.494,Healthy life expectancy,1.026
Netherlands,5,2019,7.488,Healthy life expectancy,0.999
Switzerland,6,2019,7.48,Healthy life expectancy,1.052
Sweden,7,2019,7.343,Healthy life expectancy,1.009
New Zealand,8,2019,7.307,Healthy life expectancy,1.026
Canada,9,2019,7.278,Healthy life expectancy,1.039
Austria,10,2019,7.246,Healthy life expectancy,1.016
Australia,11,2019,7.228,Healthy life expectancy,1.036
Costa Rica,12,2019,7.167,Healthy life expectancy,0.963
Israel,13,2019,7.139,Healthy life expectancy,1.029
Luxembourg,14,2019,7.09,Healthy life expectancy,1.012
United Kingdom,15,2019,7.054,Healthy life expectancy,0.996
Ireland,16,2019,7.021,Healthy life expectancy,0.999
Germany,17,2019,6.985,Healthy life expectancy,0.987
Belgium,18,2019,6.923,Healthy life expectancy,0.986
United States,19,2019,6.892,Healthy life expectancy,0.874
Czech Republic,20,2019,6.852,Healthy life expectancy,0.92
United Arab Emirates,21,2019,6.825,Healthy life expectancy,0.825
Malta,22,2019,6.726,Healthy life expectancy,0.999
Mexico,23,2019,6.595,Healthy life expectancy,0.861
France,24,2019,6.592,Healthy life expectancy,1.045
Taiwan,25,2019,6.446,Healthy life expectancy,0.914
Chile,26,2019,6.444,Healthy life expectancy,0.92
Guatemala,27,2019,6.436,Healthy life expectancy,0.746
Saudi Arabia,28,2019,6.375,Healthy life expectancy,0.795
Qatar,29,2019,6.374,Healthy life expectancy,0.871
Spain,30,2019,6.354,Healthy life expectancy,1.062
Panama,31,2019,6.321,Healthy life expectancy,0.91
Brazil,32,2019,6.3,Healthy life expectancy,0.802
Uruguay,33,2019,6.293,Healthy life expectancy,0.891
Singapore,34,2019,6.262,Healthy life expectancy,1.141
El Salvador,35,2019,6.253,Healthy life expectancy,0.789
Italy,36,2019,6.223,Healthy life expectancy,1.039
Bahrain,37,2019,6.199,Healthy life expectancy,0.871
Slovakia,38,2019,6.198,Healthy life expectancy,0.881
Trinidad & Tobago,39,2019,6.192,Healthy life expectancy,0.713
Poland,40,2019,6.182,Healthy life expectancy,0.884
Uzbekistan,41,2019,6.174,Healthy life expectancy,0.756
Lithuania,42,2019,6.149,Healthy life expectancy,0.818
Colombia,43,2019,6.125,Healthy life expectancy,0.841
Slovenia,44,2019,6.118,Healthy life expectancy,0.953
Nicaragua,45,2019,6.105,Healthy life expectancy,0.835
Kosovo,46,2019,6.1,Healthy life expectancy,0.758
Argentina,47,2019,6.086,Healthy life expectancy,0.881
Romania,48,2019,6.07,Healthy life expectancy,0.825
Cyprus,49,2019,6.046,Healthy life expectancy,1.042
Ecuador,50,2019,6.028,Healthy life expectancy,0.868
Kuwait,51,2019,6.021,Healthy life expectancy,0.808
Thailand,52,2019,6.008,Healthy life expectancy,0.828
Latvia,53,2019,5.94,Healthy life expectancy,0.812
South Korea,54,2019,5.895,Healthy life expectancy,1.036
Estonia,55,2019,5.893,Healthy life expectancy,0.874
Jamaica,56,2019,5.89,Healthy life expectancy,0.831
Mauritius,57,2019,5.888,Healthy life expectancy,0.798
Japan,58,2019,5.886,Healthy life expectancy,1.088
Honduras,59,2019,5.86,Healthy life expectancy,0.828
Kazakhstan,60,2019,5.809,Healthy life expectancy,0.729
Bolivia,61,2019,5.779,Healthy life expectancy,0.706
Hungary,62,2019,5.758,Healthy life expectancy,0.828
Paraguay,63,2019,5.743,Healthy life expectancy,0.777
Northern Cyprus,64,2019,5.718,Healthy life expectancy,1.042
Peru,65,2019,5.697,Healthy life expectancy,0.854
Portugal,66,2019,5.693,Healthy life expectancy,0.999
Pakistan,67,2019,5.653,Healthy life expectancy,0.535
Russia,68,2019,5.648,Healthy life expectancy,0.726
Philippines,69,2019,5.631,Healthy life expectancy,0.657
Serbia,70,2019,5.603,Healthy life expectancy,0.854
Moldova,71,2019,5.529,Healthy life expectancy,0.739
Libya,72,2019,5.525,Healthy life expectancy,0.673
Montenegro,73,2019,5.523,Healthy life expectancy,0.871
Tajikistan,74,2019,5.467,Healthy life expectancy,0.718
Croatia,75,2019,5.432,Healthy life expectancy,0.914
Hong Kong,76,2019,5.43,Healthy life expectancy,1.122
Dominican Republic,77,2019,5.425,Healthy life expectancy,0.779
Bosnia and Herzegovina,78,2019,5.386,Healthy life expectancy,0.845
Turkey,79,2019,5.373,Healthy life expectancy,0.808
Malaysia,80,2019,5.339,Healthy life expectancy,0.828
Belarus,81,2019,5.323,Healthy life expectancy,0.789
Greece,82,2019,5.287,Healthy life expectancy,0.999
Mongolia,83,2019,5.285,Healthy life expectancy,0.667
North Macedonia,84,2019,5.274,Healthy life expectancy,0.838
Nigeria,85,2019,5.265,Healthy life expectancy,0.245
Kyrgyzstan,86,2019,5.261,Healthy life expectancy,0.723
Turkmenistan,87,2019,5.247,Healthy life expectancy,0.657
Algeria,88,2019,5.211,Healthy life expectancy,0.785
Morocco,89,2019,5.208,Healthy life expectancy,0.782
Azerbaijan,90,2019,5.208,Healthy life expectancy,0.769
Lebanon,91,2019,5.197,Healthy life expectancy,0.815
Indonesia,92,2019,5.192,Healthy life expectancy,0.66
China,93,2019,5.191,Healthy life expectancy,0.893
Vietnam,94,2019,5.175,Healthy life expectancy,0.851
Bhutan,95,2019,5.082,Healthy life expectancy,0.604
Cameroon,96,2019,5.044,Healthy life expectancy,0.331
Bulgaria,97,2019,5.011,Healthy life expectancy,0.815
Ghana,98,2019,4.996,Healthy life expectancy,0.486
Ivory Coast,99,2019,4.944,Healthy life expectancy,0.232
Nepal,100,2019,4.913,Healthy life expectancy,0.677
Jordan,101,2019,4.906,Healthy life expectancy,0.815
Benin,102,2019,4.883,Healthy life expectancy,0.397
Congo (Brazzaville),103,2019,4.812,Healthy life expectancy,0.508
Gabon,104,2019,4.799,Healthy life expectancy,0.571
Laos,105,2019,4.796,Healthy life expectancy,0.551
South Africa,106,2019,4.722,Healthy life expectancy,0.469
Albania,107,2019,4.719,Healthy life expectancy,0.874
Venezuela,108,2019,4.707,Healthy life expectancy,0.805
Cambodia,109,2019,4.7,Healthy life expectancy,0.637
Palestinian Territories,110,2019,4.696,Healthy life expectancy,0.672
Senegal,111,2019,4.681,Healthy life expectancy,0.571
Somalia,112,2019,4.668,Healthy life expectancy,0.268
Namibia,113,2019,4.639,Healthy life expectancy,0.477
Niger,114,2019,4.628,Healthy life expectancy,0.366
Burkina Faso,115,2019,4.587,Healthy life expectancy,0.38
Armenia,116,2019,4.559,Healthy life expectancy,0.815
Iran,117,2019,4.548,Healthy life expectancy,0.785
Guinea,118,2019,4.534,Healthy life expectancy,0.375
Georgia,119,2019,4.519,Healthy life expectancy,0.752
Gambia,120,2019,4.516,Healthy life expectancy,0.428
Kenya,121,2019,4.509,Healthy life expectancy,0.581
Mauritania,122,2019,4.49,Healthy life expectancy,0.489
Mozambique,123,2019,4.466,Healthy life expectancy,0.39
Tunisia,124,2019,4.461,Healthy life expectancy,0.815
Bangladesh,125,2019,4.456,Healthy life expectancy,0.723
Iraq,126,2019,4.437,Healthy life expectancy,0.574
Congo (Kinshasa),127,2019,4.418,Healthy life expectancy,0.357
Mali,128,2019,4.39,Healthy life expectancy,0.308
Sierra Leone,129,2019,4.374,Healthy life expectancy,0.242
Sri Lanka,130,2019,4.366,Healthy life expectancy,0.831
Myanmar,131,2019,4.36,Healthy life expectancy,0.555
Chad,132,2019,4.35,Healthy life expectancy,0.192
Ukraine,133,2019,4.332,Healthy life expectancy,0.739
Ethiopia,134,2019,4.286,Healthy life expectancy,0.532
Swaziland,135,2019,4.212,Healthy life expectancy,0.0
Uganda,136,2019,4.189,Healthy life expectancy,0.443
Egypt,137,2019,4.166,Healthy life expectancy,0.644
Zambia,138,2019,4.107,Healthy life expectancy,0.426
Togo,139,2019,4.085,Healthy life expectancy,0.41
India,140,2019,4.015,Healthy life expectancy,0.588
Liberia,141,2019,3.975,Healthy life expectancy,0.443
Comoros,142,2019,3.973,Healthy life expectancy,0.505
Madagascar,143,2019,3.933,Healthy life expectancy,0.555
Lesotho,144,2019,3.802,Healthy life expectancy,0.168
Burundi,145,2019,3.775,Healthy life expectancy,0.38
Zimbabwe,146,2019,3.663,Healthy life expectancy,0.433
Haiti,147,2019,3.597,Healthy life expectancy,0.449
Botswana,148,2019,3.488,Healthy life expectancy,0.538
Syria,149,2019,3.462,Healthy life expectancy,0.44
Malawi,150,2019,3.41,Healthy life expectancy,0.495
Yemen,151,2019,3.38,Healthy life expectancy,0.463
Rwanda,152,2019,3.334,Healthy life expectancy,0.614
Tanzania,153,2019,3.231,Healthy life expectancy,0.499
Afghanistan,154,2019,3.203,Healthy life expectancy,0.361
Central African Republic,155,2019,3.083,Healthy life expectancy,0.105
South Sudan,156,2019,2.853,Healthy life expectancy,0.295
Finland,1,2019,7.769,Freedom to make life choices,0.596
Denmark,2,2019,7.6,Freedom to make life choices,0.592
Norway,3,2019,7.554,Freedom to make life choices,0.603
Iceland,4,2019,7.494,Freedom to make life choices,0.591
Netherlands,5,2019,7.488,Freedom to make life choices,0.557
Switzerland,6,2019,7.48,Freedom to make life choices,0.572
Sweden,7,2019,7.343,Freedom to make life choices,0.574
New Zealand,8,2019,7.307,Freedom to make life choices,0.585
Canada,9,2019,7.278,Freedom to make life choices,0.584
Austria,10,2019,7.246,Freedom to make life choices,0.532
Australia,11,2019,7.228,Freedom to make life choices,0.557
Costa Rica,12,2019,7.167,Freedom to make life choices,0.558
Israel,13,2019,7.139,Freedom to make life choices,0.371
Luxembourg,14,2019,7.09,Freedom to make life choices,0.526
United Kingdom,15,2019,7.054,Freedom to make life choices,0.45
Ireland,16,2019,7.021,Freedom to make life choices,0.516
Germany,17,2019,6.985,Freedom to make life choices,0.495
Belgium,18,2019,6.923,Freedom to make life choices,0.473
United States,19,2019,6.892,Freedom to make life choices,0.454
Czech Republic,20,2019,6.852,Freedom to make life choices,0.457
United Arab Emirates,21,2019,6.825,Freedom to make life choices,0.598
Malta,22,2019,6.726,Freedom to make life choices,0.564
Mexico,23,2019,6.595,Freedom to make life choices,0.433
France,24,2019,6.592,Freedom to make life choices,0.436
Taiwan,25,2019,6.446,Freedom to make life choices,0.351
Chile,26,2019,6.444,Freedom to make life choices,0.357
Guatemala,27,2019,6.436,Freedom to make life choices,0.535
Saudi Arabia,28,2019,6.375,Freedom to make life choices,0.439
Qatar,29,2019,6.374,Freedom to make life choices,0.555
Spain,30,2019,6.354,Freedom to make life choices,0.362
Panama,31,2019,6.321,Freedom to make life choices,0.516
Brazil,32,2019,6.3,Freedom to make life choices,0.39
Uruguay,33,2019,6.293,Freedom to make life choices,0.523
Singapore,34,2019,6.262,Freedom to make life choices,0.556
El Salvador,35,2019,6.253,Freedom to make life choices,0.43
Italy,36,2019,6.223,Freedom to make life choices,0.231
Bahrain,37,2019,6.199,Freedom to make life choices,0.536
Slovakia,38,2019,6.198,Freedom to make life choices,0.334
Trinidad & Tobago,39,2019,6.192,Freedom to make life choices,0.489
Poland,40,2019,6.182,Freedom to make life choices,0.483
Uzbekistan,41,2019,6.174,Freedom to make life choices,0.631
Lithuania,42,2019,6.149,Freedom to make life choices,0.291
Colombia,43,2019,6.125,Freedom to make life choices,0.47
Slovenia,44,2019,6.118,Freedom to make life choices,0.564
Nicaragua,45,2019,6.105,Freedom to make life choices,0.435
Kosovo,46,2019,6.1,Freedom to make life choices,0.489
Argentina,47,2019,6.086,Freedom to make life choices,0.471
Romania,48,2019,6.07,Freedom to make life choices,0.462
Cyprus,49,2019,6.046,Freedom to make life choices,0.406
Ecuador,50,2019,6.028,Freedom to make life choices,0.498
Kuwait,51,2019,6.021,Freedom to make life choices,0.493
Thailand,52,2019,6.008,Freedom to make life choices,0.557
Latvia,53,2019,5.94,Freedom to make life choices,0.264
South Korea,54,2019,5.895,Freedom to make life choices,0.159
Estonia,55,2019,5.893,Freedom to make life choices,0.495
Jamaica,56,2019,5.89,Freedom to make life choices,0.49
Mauritius,57,2019,5.888,Freedom to make life choices,0.498
Japan,58,2019,5.886,Freedom to make life choices,0.445
Honduras,59,2019,5.86,Freedom to make life choices,0.507
Kazakhstan,60,2019,5.809,Freedom to make life choices,0.41
Bolivia,61,2019,5.779,Freedom to make life choices,0.511
Hungary,62,2019,5.758,Freedom to make life choices,0.199
Paraguay,63,2019,5.743,Freedom to make life choices,0.514
Northern Cyprus,64,2019,5.718,Freedom to make life choices,0.417
Peru,65,2019,5.697,Freedom to make life choices,0.455
Portugal,66,2019,5.693,Freedom to make life choices,0.508
Pakistan,67,2019,5.653,Freedom to make life choices,0.313
Russia,68,2019,5.648,Freedom to make life choices,0.334
Philippines,69,2019,5.631,Freedom to make life choices,0.558
Serbia,70,2019,5.603,Freedom to make life choices,0.282
Moldova,71,2019,5.529,Freedom to make life choices,0.245
Libya,72,2019,5.525,Freedom to make life choices,0.416
Montenegro,73,2019,5.523,Freedom to make life choices,0.197
Tajikistan,74,2019,5.467,Freedom to make life choices,0.389
Croatia,75,2019,5.432,Freedom to make life choices,0.296
Hong Kong,76,2019,5.43,Freedom to make life choices,0.44
Dominican Republic,77,2019,5.425,Freedom to make life choices,0.497
Bosnia and Herzegovina,78,2019,5.386,Freedom to make life choices,0.212
Turkey,79,2019,5.373,Freedom to make life choices,0.195
Malaysia,80,2019,5.339,Freedom to make life choices,0.508
Belarus,81,2019,5.323,Freedom to make life choices,0.235
Greece,82,2019,5.287,Freedom to make life choices,0.067
Mongolia,83,2019,5.285,Freedom to make life choices,0.317
North Macedonia,84,2019,5.274,Freedom to make life choices,0.345
Nigeria,85,2019,5.265,Freedom to make life choices,0.426
Kyrgyzstan,86,2019,5.261,Freedom to make life choices,0.508
Turkmenistan,87,2019,5.247,Freedom to make life choices,0.394
Algeria,88,2019,5.211,Freedom to make life choices,0.086
Morocco,89,2019,5.208,Freedom to make life choices,0.418
Azerbaijan,90,2019,5.208,Freedom to make life choices,0.351
Lebanon,91,2019,5.197,Freedom to make life choices,0.216
Indonesia,92,2019,5.192,Freedom to make life choices,0.491
China,93,2019,5.191,Freedom to make life choices,0.521
Vietnam,94,2019,5.175,Freedom to make life choices,0.543
Bhutan,95,2019,5.082,Freedom to make life choices,0.457
Cameroon,96,2019,5.044,Freedom to make life choices,0.381
Bulgaria,97,2019,5.011,Freedom to make life choices,0.311
Ghana,98,2019,4.996,Freedom to make life choices,0.381
Ivory Coast,99,2019,4.944,Freedom to make life choices,0.352
Nepal,100,2019,4.913,Freedom to make life choices,0.439
Jordan,101,2019,4.906,Freedom to make life choices,0.383
Benin,102,2019,4.883,Freedom to make life choices,0.349
Congo (Brazzaville),103,2019,4.812,Freedom to make life choices,0.372
Gabon,104,2019,4.799,Freedom to make life choices,0.295
Laos,105,2019,4.796,Freedom to make life choices,0.547
South Africa,106,2019,4.722,Freedom to make life choices,0.389
Albania,107,2019,4.719,Freedom to make life choices,0.383
Venezuela,108,2019,4.707,Freedom to make life choices,0.154
Cambodia,109,2019,4.7,Freedom to make life choices,0.609
Palestinian Territories,110,2019,4.696,Freedom to make life choices,0.225
Senegal,111,2019,4.681,Freedom to make life choices,0.292
Somalia,112,2019,4.668,Freedom to make life choices,0.559
Namibia,113,2019,4.639,Freedom to make life choices,0.401
Niger,114,2019,4.628,Freedom to make life choices,0.318
Burkina Faso,115,2019,4.587,Freedom to make life choices,0.255
Armenia,116,2019,4.559,Freedom to make life choices,0.283
Iran,117,2019,4.548,Freedom to make life choices,0.305
Guinea,118,2019,4.534,Freedom to make life choices,0.332
Georgia,119,2019,4.519,Freedom to make life choices,0.346
Gambia,120,2019,4.516,Freedom to make life choices,0.382
Kenya,121,2019,4.509,Freedom to make life choices,0.431
Mauritania,122,2019,4.49,Freedom to make life choices,0.066
Mozambique,123,2019,4.466,Freedom to make life choices,0.494
Tunisia,124,2019,4.461,Freedom to make life choices,0.167
Bangladesh,125,2019,4.456,Freedom to make life choices,0.527
Iraq,126,2019,4.437,Freedom to make life choices,0.241
Congo (Kinshasa),127,2019,4.418,Freedom to make life choices,0.269
Mali,128,2019,4.39,Freedom to make life choices,0.327
Sierra Leone,129,2019,4.374,Freedom to make life choices,0.309
Sri Lanka,130,2019,4.366,Freedom to make life choices,0.47
Myanmar,131,2019,4.36,Freedom to make life choices,0.525
Chad,132,2019,4.35,Freedom to make life choices,0.174
Ukraine,133,2019,4.332,Freedom to make life choices,0.178
Ethiopia,134,2019,4.286,Freedom to make life choices,0.344
Swaziland,135,2019,4.212,Freedom to make life choices,0.313
Uganda,136,2019,4.189,Freedom to make life choices,0.356
Egypt,137,2019,4.166,Freedom to make life choices,0.241
Zambia,138,2019,4.107,Freedom to make life choices,0.431
Togo,139,2019,4.085,Freedom to make life choices,0.293
India,140,2019,4.015,Freedom to make life choices,0.498
Liberia,141,2019,3.975,Freedom to make life choices,0.37
Comoros,142,2019,3.973,Freedom to make life choices,0.142
Madagascar,143,2019,3.933,Freedom to make life choices,0.148
Lesotho,144,2019,3.802,Freedom to make life choices,0.359
Burundi,145,2019,3.775,Freedom to make life choices,0.22
Zimbabwe,146,2019,3.663,Freedom to make life choices,0.361
Haiti,147,2019,3.597,Freedom to make life choices,0.026
Botswana,148,2019,3.488,Freedom to make life choices,0.455
Syria,149,2019,3.462,Freedom to make life choices,0.013
Malawi,150,2019,3.41,Freedom to make life choices,0.443
Yemen,151,2019,3.38,Freedom to make life choices,0.143
Rwanda,152,2019,3.334,Freedom to make life choices,0.555
Tanzania,153,2019,3.231,Freedom to make life choices,0.417
Afghanistan,154,2019,3.203,Freedom to make life choices,0.0
Central African Republic,155,2019,3.083,Freedom to make life choices,0.225
South Sudan,156,2019,2.853,Freedom to make life choices,0.01
Finland,1,2019,7.769,Generosity,0.153
Denmark,2,2019,7.6,Generosity,0.252
Norway,3,2019,7.554,Generosity,0.271
Iceland,4,2019,7.494,Generosity,0.354
Netherlands,5,2019,7.488,Generosity,0.322
Switzerland,6,2019,7.48,Generosity,0.263
Sweden,7,2019,7.343,Generosity,0.267
New Zealand,8,2019,7.307,Generosity,0.33
Canada,9,2019,7.278,Generosity,0.285
Austria,10,2019,7.246,Generosity,0.244
Australia,11,2019,7.228,Generosity,0.332
Costa Rica,12,2019,7.167,Generosity,0.144
Israel,13,2019,7.139,Generosity,0.261
Luxembourg,14,2019,7.09,Generosity,0.194
United Kingdom,15,2019,7.054,Generosity,0.348
Ireland,16,2019,7.021,Generosity,0.298
Germany,17,2019,6.985,Generosity,0.261
Belgium,18,2019,6.923,Generosity,0.16
United States,19,2019,6.892,Generosity,0.28
Czech Republic,20,2019,6.852,Generosity,0.046
United Arab Emirates,21,2019,6.825,Generosity,0.262
Malta,22,2019,6.726,Generosity,0.375
Mexico,23,2019,6.595,Generosity,0.074
France,24,2019,6.592,Generosity,0.111
Taiwan,25,2019,6.446,Generosity,0.242
Chile,26,2019,6.444,Generosity,0.187
Guatemala,27,2019,6.436,Generosity,0.175
Saudi Arabia,28,2019,6.375,Generosity,0.08
Qatar,29,2019,6.374,Generosity,0.22
Spain,30,2019,6.354,Generosity,0.153
Panama,31,2019,6.321,Generosity,0.109
Brazil,32,2019,6.3,Generosity,0.099
Uruguay,33,2019,6.293,Generosity,0.127
Singapore,34,2019,6.262,Generosity,0.271
El Salvador,35,2019,6.253,Generosity,0.093
Italy,36,2019,6.223,Generosity,0.158
Bahrain,37,2019,6.199,Generosity,0.255
Slovakia,38,2019,6.198,Generosity,0.121
Trinidad & Tobago,39,2019,6.192,Generosity,0.185
Poland,40,2019,6.182,Generosity,0.117
Uzbekistan,41,2019,6.174,Generosity,0.322
Lithuania,42,2019,6.149,Generosity,0.043
Colombia,43,2019,6.125,Generosity,0.099
Slovenia,44,2019,6.118,Generosity,0.144
Nicaragua,45,2019,6.105,Generosity,0.2
Kosovo,46,2019,6.1,Generosity,0.262
Argentina,47,2019,6.086,Generosity,0.066
Romania,48,2019,6.07,Generosity,0.083
Cyprus,49,2019,6.046,Generosity,0.19
Ecuador,50,2019,6.028,Generosity,0.126
Kuwait,51,2019,6.021,Generosity,0.142
Thailand,52,2019,6.008,Generosity,0.359
Latvia,53,2019,5.94,Generosity,0.075
South Korea,54,2019,5.895,Generosity,0.175
Estonia,55,2019,5.893,Generosity,0.103
Jamaica,56,2019,5.89,Generosity,0.107
Mauritius,57,2019,5.888,Generosity,0.215
Japan,58,2019,5.886,Generosity,0.069
Honduras,59,2019,5.86,Generosity,0.246
Kazakhstan,60,2019,5.809,Generosity,0.146
Bolivia,61,2019,5.779,Generosity,0.137
Hungary,62,2019,5.758,Generosity,0.081
Paraguay,63,2019,5.743,Generosity,0.184
Northern Cyprus,64,2019,5.718,Generosity,0.191
Peru,65,2019,5.697,Generosity,0.083
Portugal,66,2019,5.693,Generosity,0.047
Pakistan,67,2019,5.653,Generosity,0.22
Russia,68,2019,5.648,Generosity,0.082
Philippines,69,2019,5.631,Generosity,0.117
Serbia,70,2019,5.603,Generosity,0.137
Moldova,71,2019,5.529,Generosity,0.181
Libya,72,2019,5.525,Generosity,0.133
Montenegro,73,2019,5.523,Generosity,0.142
Tajikistan,74,2019,5.467,Generosity,0.23
Croatia,75,2019,5.432,Generosity,0.119
Hong Kong,76,2019,5.43,Generosity,0.258
Dominican Republic,77,2019,5.425,Generosity,0.113
Bosnia and Herzegovina,78,2019,5.386,Generosity,0.263
Turkey,79,2019,5.373,Generosity,0.083
Malaysia,80,2019,5.339,Generosity,0.26
Belarus,81,2019,5.323,Generosity,0.094
Greece,82,2019,5.287,Generosity,0.0
Mongolia,83,2019,5.285,Generosity,0.235
North Macedonia,84,2019,5.274,Generosity,0.185
Nigeria,85,2019,5.265,Generosity,0.215
Kyrgyzstan,86,2019,5.261,Generosity,0.3
Turkmenistan,87,2019,5.247,Generosity,0.244
Algeria,88,2019,5.211,Generosity,0.073
Morocco,89,2019,5.208,Generosity,0.036
Azerbaijan,90,2019,5.208,Generosity,0.035
Lebanon,91,2019,5.197,Generosity,0.166
Indonesia,92,2019,5.192,Generosity,0.498
China,93,2019,5.191,Generosity,0.058
Vietnam,94,2019,5.175,Generosity,0.147
Bhutan,95,2019,5.082,Generosity,0.37
Cameroon,96,2019,5.044,Generosity,0.187
Bulgaria,97,2019,5.011,Generosity,0.081
Ghana,98,2019,4.996,Generosity,0.245
Ivory Coast,99,2019,4.944,Generosity,0.154
Nepal,100,2019,4.913,Generosity,0.285
Jordan,101,2019,4.906,Generosity,0.11
Benin,102,2019,4.883,Generosity,0.175
Congo (Brazzaville),103,2019,4.812,Generosity,0.105
Gabon,104,2019,4.799,Generosity,0.043
Laos,105,2019,4.796,Generosity,0.266
South Africa,106,2019,4.722,Generosity,0.13
Albania,107,2019,4.719,Generosity,0.178
Venezuela,108,2019,4.707,Generosity,0.064
Cambodia,109,2019,4.7,Generosity,0.232
Palestinian Territories,110,2019,4.696,Generosity,0.103
Senegal,111,2019,4.681,Generosity,0.153
Somalia,112,2019,4.668,Generosity,0.243
Namibia,113,2019,4.639,Generosity,0.07
Niger,114,2019,4.628,Generosity,0.188
Burkina Faso,115,2019,4.587,Generosity,0.177
Armenia,116,2019,4.559,Generosity,0.095
Iran,117,2019,4.548,Generosity,0.27
Guinea,118,2019,4.534,Generosity,0.207
Georgia,119,2019,4.519,Generosity,0.043
Gambia,120,2019,4.516,Generosity,0.269
Kenya,121,2019,4.509,Generosity,0.372
Mauritania,122,2019,4.49,Generosity,0.106
Mozambique,123,2019,4.466,Generosity,0.197
Tunisia,124,2019,4.461,Generosity,0.059
Bangladesh,125,2019,4.456,Generosity,0.166
Iraq,126,2019,4.437,Generosity,0.148
Congo (Kinshasa),127,2019,4.418,Generosity,0.212
Mali,128,2019,4.39,Generosity,0.153
Sierra Leone,129,2019,4.374,Generosity,0.252
Sri Lanka,130,2019,4.366,Generosity,0.244
Myanmar,131,2019,4.36,Generosity,0.566
Chad,132,2019,4.35,Generosity,0.198
Ukraine,133,2019,4.332,Generosity,0.187
Ethiopia,134,2019,4.286,Generosity,0.209
Swaziland,135,2019,4.212,Generosity,0.074
Uganda,136,2019,4.189,Generosity,0.252
Egypt,137,2019,4.166,Generosity,0.076
Zambia,138,2019,4.107,Generosity,0.247
Togo,139,2019,4.085,Generosity,0.177
India,140,2019,4.015,Generosity,0.2
Liberia,141,2019,3.975,Generosity,0.233
Comoros,142,2019,3.973,Generosity,0.275
Madagascar,143,2019,3.933,Generosity,0.169
Lesotho,144,2019,3.802,Generosity,0.107
Burundi,145,2019,3.775,Generosity,0.176
Zimbabwe,146,2019,3.663,Generosity,0.151
Haiti,147,2019,3.597,Generosity,0.419
Botswana,148,2019,3.488,Generosity,0.025
Syria,149,2019,3.462,Generosity,0.331
Malawi,150,2019,3.41,Generosity,0.218
Yemen,151,2019,3.38,Generosity,0.108
Rwanda,152,2019,3.334,Generosity,0.217
Tanzania,153,2019,3.231,Generosity,0.276
Afghanistan,154,2019,3.203,Generosity,0.158
Central African Republic,155,2019,3.083,Generosity,0.235
South Sudan,156,2019,2.853,Generosity,0.202
Finland,1,2019,7.769,Perceptions of corruption,0.393
Denmark,2,2019,7.6,Perceptions of corruption,0.41
Norway,3,2019,7.554,Perceptions of corruption,0.341
Iceland,4,2019,7.494,Perceptions of corruption,0.118
Netherlands,5,2019,7.488,Perceptions of corruption,0.298
Switzerland,6,2019,7.48,Perceptions of corruption,0.343
Sweden,7,2019,7.343,Perceptions of corruption,0.373
New Zealand,8,2019,7.307,Perceptions of corruption,0.38
Canada,9,2019,7.278,Perceptions of corruption,0.308
Austria,10,2019,7.246,Perceptions of corruption,0.226
Australia,11,2019,7.228,Perceptions of corruption,0.29
Costa Rica,12,2019,7.167,Perceptions of corruption,0.093
Israel,13,2019,7.139,Perceptions of corruption,0.082
Luxembourg,14,2019,7.09,Perceptions of corruption,0.316
United Kingdom,15,2019,7.054,Perceptions of corruption,0.278
Ireland,16,2019,7.021,Perceptions of corruption,0.31
Germany,17,2019,6.985,Perceptions of corruption,0.265
Belgium,18,2019,6.923,Perceptions of corruption,0.21
United States,19,2019,6.892,Perceptions of corruption,0.128
Czech Republic,20,2019,6.852,Perceptions of corruption,0.036
United Arab Emirates,21,2019,6.825,Perceptions of corruption,0.182
Malta,22,2019,6.726,Perceptions of corruption,0.151
Mexico,23,2019,6.595,Perceptions of corruption,0.073
France,24,2019,6.592,Perceptions of corruption,0.183
Taiwan,25,2019,6.446,Perceptions of corruption,0.097
Chile,26,2019,6.444,Perceptions of corruption,0.056
Guatemala,27,2019,6.436,Perceptions of corruption,0.078
Saudi Arabia,28,2019,6.375,Perceptions of corruption,0.132
Qatar,29,2019,6.374,Perceptions of corruption,0.167
Spain,30,2019,6.354,Perceptions of corruption,0.079
Panama,31,2019,6.321,Perceptions of corruption,0.054
Brazil,32,2019,6.3,Perceptions of corruption,0.086
Uruguay,33,2019,6.293,Perceptions of corruption,0.15
Singapore,34,2019,6.262,Perceptions of corruption,0.453
El Salvador,35,2019,6.253,Perceptions of corruption,0.074
Italy,36,2019,6.223,Perceptions of corruption,0.03
Bahrain,37,2019,6.199,Perceptions of corruption,0.11
Slovakia,38,2019,6.198,Perceptions of corruption,0.014
Trinidad & Tobago,39,2019,6.192,Perceptions of corruption,0.016
Poland,40,2019,6.182,Perceptions of corruption,0.05
Uzbekistan,41,2019,6.174,Perceptions of corruption,0.24
Lithuania,42,2019,6.149,Perceptions of corruption,0.042
Colombia,43,2019,6.125,Perceptions of corruption,0.034
Slovenia,44,2019,6.118,Perceptions of corruption,0.057
Nicaragua,45,2019,6.105,Perceptions of corruption,0.127
Kosovo,46,2019,6.1,Perceptions of corruption,0.006
Argentina,47,2019,6.086,Perceptions of corruption,0.05
Romania,48,2019,6.07,Perceptions of corruption,0.005
Cyprus,49,2019,6.046,Perceptions of corruption,0.041
Ecuador,50,2019,6.028,Perceptions of corruption,0.087
Kuwait,51,2019,6.021,Perceptions of corruption,0.097
Thailand,52,2019,6.008,Perceptions of corruption,0.028
Latvia,53,2019,5.94,Perceptions of corruption,0.064
South Korea,54,2019,5.895,Perceptions of corruption,0.056
Estonia,55,2019,5.893,Perceptions of corruption,0.161
Jamaica,56,2019,5.89,Perceptions of corruption,0.028
Mauritius,57,2019,5.888,Perceptions of corruption,0.06
Japan,58,2019,5.886,Perceptions of corruption,0.14
Honduras,59,2019,5.86,Perceptions of corruption,0.078
Kazakhstan,60,2019,5.809,Perceptions of corruption,0.096
Bolivia,61,2019,5.779,Perceptions of corruption,0.064
Hungary,62,2019,5.758,Perceptions of corruption,0.02
Paraguay,63,2019,5.743,Perceptions of corruption,0.08
Northern Cyprus,64,2019,5.718,Perceptions of corruption,0.162
Peru,65,2019,5.697,Perceptions of corruption,0.027
Portugal,66,2019,5.693,Perceptions of corruption,0.025
Pakistan,67,2019,5.653,Perceptions of corruption,0.098
Russia,68,2019,5.648,Perceptions of corruption,0.031
Philippines,69,2019,5.631,Perceptions of corruption,0.107
Serbia,70,2019,5.603,Perceptions of corruption,0.039
Moldova,71,2019,5.529,Perceptions of corruption,0.0
Libya,72,2019,5.525,Perceptions of corruption,0.152
Montenegro,73,2019,5.523,Perceptions of corruption,0.08
Tajikistan,74,2019,5.467,Perceptions of corruption,0.144
Croatia,75,2019,5.432,Perceptions of corruption,0.022
Hong Kong,76,2019,5.43,Perceptions of corruption,0.287
Dominican Republic,77,2019,5.425,Perceptions of corruption,0.101
Bosnia and Herzegovina,78,2019,5.386,Perceptions of corruption,0.006
Turkey,79,2019,5.373,Perceptions of corruption,0.106
Malaysia,80,2019,5.339,Perceptions of corruption,0.024
Belarus,81,2019,5.323,Perceptions of corruption,0.142
Greece,82,2019,5.287,Perceptions of corruption,0.034
Mongolia,83,2019,5.285,Perceptions of corruption,0.038
North Macedonia,84,2019,5.274,Perceptions of corruption,0.034
Nigeria,85,2019,5.265,Perceptions of corruption,0.041
Kyrgyzstan,86,2019,5.261,Perceptions of corruption,0.023
Turkmenistan,87,2019,5.247,Perceptions of corruption,0.028
Algeria,88,2019,5.211,Perceptions of corruption,0.114
Morocco,89,2019,5.208,Perceptions of corruption,0.076
Azerbaijan,90,2019,5.208,Perceptions of corruption,0.182
Lebanon,91,2019,5.197,Perceptions of corruption,0.027
Indonesia,92,2019,5.192,Perceptions of corruption,0.028
China,93,2019,5.191,Perceptions of corruption,0.1
Vietnam,94,2019,5.175,Perceptions of corruption,0.073
Bhutan,95,2019,5.082,Perceptions of corruption,0.167
Cameroon,96,2019,5.044,Perceptions of corruption,0.037
Bulgaria,97,2019,5.011,Perceptions of corruption,0.004
Ghana,98,2019,4.996,Perceptions of corruption,0.04
Ivory Coast,99,2019,4.944,Perceptions of corruption,0.09
Nepal,100,2019,4.913,Perceptions of corruption,0.089
Jordan,101,2019,4.906,Perceptions of corruption,0.13
Benin,102,2019,4.883,Perceptions of corruption,0.082
Congo (Brazzaville),103,2019,4.812,Perceptions of corruption,0.093
Gabon,104,2019,4.799,Perceptions of corruption,0.055
Laos,105,2019,4.796,Perceptions of corruption,0.164
South Africa,106,2019,4.722,Perceptions of corruption,0.055
Albania,107,2019,4.719,Perceptions of corruption,0.027
Venezuela,108,2019,4.707,Perceptions of corruption,0.047
Cambodia,109,2019,4.7,Perceptions of corruption,0.062
Palestinian Territories,110,2019,4.696,Perceptions of corruption,0.066
Senegal,111,2019,4.681,Perceptions of corruption,0.072
Somalia,112,2019,4.668,Perceptions of corruption,0.27
Namibia,113,2019,4.639,Perceptions of corruption,0.056
Niger,114,2019,4.628,Perceptions of corruption,0.102
Burkina Faso,115,2019,4.587,Perceptions of corruption,0.113
Armenia,116,2019,4.559,Perceptions of corruption,0.064
Iran,117,2019,4.548,Perceptions of corruption,0.125
Guinea,118,2019,4.534,Perceptions of corruption,0.086
Georgia,119,2019,4.519,Perceptions of corruption,0.164
Gambia,120,2019,4.516,Perceptions of corruption,0.167
Kenya,121,2019,4.509,Perceptions of corruption,0.053
Mauritania,122,2019,4.49,Perceptions of corruption,0.088
Mozambique,123,2019,4.466,Perceptions of corruption,0.138
Tunisia,124,2019,4.461,Perceptions of corruption,0.055
Bangladesh,125,2019,4.456,Perceptions of corruption,0.143
Iraq,126,2019,4.437,Perceptions of corruption,0.089
Congo (Kinshasa),127,2019,4.418,Perceptions of corruption,0.053
Mali,128,2019,4.39,Perceptions of corruption,0.052
Sierra Leone,129,2019,4.374,Perceptions of corruption,0.045
Sri Lanka,130,2019,4.366,Perceptions of corruption,0.047
Myanmar,131,2019,4.36,Perceptions of corruption,0.172
Chad,132,2019,4.35,Perceptions of corruption,0.078
Ukraine,133,2019,4.332,Perceptions of corruption,0.01
Ethiopia,134,2019,4.286,Perceptions of corruption,0.1
Swaziland,135,2019,4.212,Perceptions of corruption,0.135
Uganda,136,2019,4.189,Perceptions of corruption,0.06
Egypt,137,2019,4.166,Perceptions of corruption,0.067
Zambia,138,2019,4.107,Perceptions of corruption,0.087
Togo,139,2019,4.085,Perceptions of corruption,0.085
India,140,2019,4.015,Perceptions of corruption,0.085
Liberia,141,2019,3.975,Perceptions of corruption,0.033
Comoros,142,2019,3.973,Perceptions of corruption,0.078
Madagascar,143,2019,3.933,Perceptions of corruption,0.041
Lesotho,144,2019,3.802,Perceptions of corruption,0.093
Burundi,145,2019,3.775,Perceptions of corruption,0.18
Zimbabwe,146,2019,3.663,Perceptions of corruption,0.089
Haiti,147,2019,3.597,Perceptions of corruption,0.11
Botswana,148,2019,3.488,Perceptions of corruption,0.1
Syria,149,2019,3.462,Perceptions of corruption,0.141
Malawi,150,2019,3.41,Perceptions of corruption,0.089
Yemen,151,2019,3.38,Perceptions of corruption,0.077
Rwanda,152,2019,3.334,Perceptions of corruption,0.411
Tanzania,153,2019,3.231,Perceptions of corruption,0.147
Afghanistan,154,2019,3.203,Perceptions of corruption,0.025
Central African Republic,155,2019,3.083,Perceptions of corruption,0.035
South Sudan,156,2019,2.853,Perceptions of corruption,0.091
